[{"model": "auth.permission", "pk": 1, "fields": {"name": "Can add permission", "content_type": 1, "codename": "add_permission"}}, {"model": "auth.permission", "pk": 2, "fields": {"name": "Can change permission", "content_type": 1, "codename": "change_permission"}}, {"model": "auth.permission", "pk": 3, "fields": {"name": "Can delete permission", "content_type": 1, "codename": "delete_permission"}}, {"model": "auth.permission", "pk": 4, "fields": {"name": "Can view permission", "content_type": 1, "codename": "view_permission"}}, {"model": "auth.permission", "pk": 5, "fields": {"name": "Can add group", "content_type": 2, "codename": "add_group"}}, {"model": "auth.permission", "pk": 6, "fields": {"name": "Can change group", "content_type": 2, "codename": "change_group"}}, {"model": "auth.permission", "pk": 7, "fields": {"name": "Can delete group", "content_type": 2, "codename": "delete_group"}}, {"model": "auth.permission", "pk": 8, "fields": {"name": "Can view group", "content_type": 2, "codename": "view_group"}}, {"model": "auth.permission", "pk": 9, "fields": {"name": "Can add content type", "content_type": 3, "codename": "add_contenttype"}}, {"model": "auth.permission", "pk": 10, "fields": {"name": "Can change content type", "content_type": 3, "codename": "change_contenttype"}}, {"model": "auth.permission", "pk": 11, "fields": {"name": "Can delete content type", "content_type": 3, "codename": "delete_contenttype"}}, {"model": "auth.permission", "pk": 12, "fields": {"name": "Can view content type", "content_type": 3, "codename": "view_contenttype"}}, {"model": "auth.permission", "pk": 13, "fields": {"name": "Can add user", "content_type": 4, "codename": "add_shopuser"}}, {"model": "auth.permission", "pk": 14, "fields": {"name": "Can change user", "content_type": 4, "codename": "change_shopuser"}}, {"model": "auth.permission", "pk": 15, "fields": {"name": "Can delete user", "content_type": 4, "codename": "delete_shopuser"}}, {"model": "auth.permission", "pk": 16, "fields": {"name": "Can view user", "content_type": 4, "codename": "view_shopuser"}}, {"model": "auth.permission", "pk": 17, "fields": {"name": "Can add категория", "content_type": 5, "codename": "add_productcategory"}}, {"model": "auth.permission", "pk": 18, "fields": {"name": "Can change категория", "content_type": 5, "codename": "change_productcategory"}}, {"model": "auth.permission", "pk": 19, "fields": {"name": "Can delete категория", "content_type": 5, "codename": "delete_productcategory"}}, {"model": "auth.permission", "pk": 20, "fields": {"name": "Can view категория", "content_type": 5, "codename": "view_productcategory"}}, {"model": "auth.permission", "pk": 21, "fields": {"name": "Can add продукт", "content_type": 6, "codename": "add_product"}}, {"model": "auth.permission", "pk": 22, "fields": {"name": "Can change продукт", "content_type": 6, "codename": "change_product"}}, {"model": "auth.permission", "pk": 23, "fields": {"name": "Can delete продукт", "content_type": 6, "codename": "delete_product"}}, {"model": "auth.permission", "pk": 24, "fields": {"name": "Can view продукт", "content_type": 6, "codename": "view_product"}}, {"model": "auth.permission", "pk": 25, "fields": {"name": "Can add basket", "content_type": 7, "codename": "add_basket"}}, {"model": "auth.permission", "pk": 26, "fields": {"name": "Can change basket", "content_type": 7, "codename": "change_basket"}}, {"model": "auth.permission", "pk": 27, "fields": {"name": "Can delete basket", "content_type": 7, "codename": "delete_basket"}}, {"model": "auth.permission", "pk": 28, "fields": {"name": "Can view basket", "content_type": 7, "codename": "view_basket"}}, {"model": "auth.permission", "pk": 29, "fields": {"name": "Can add log entry", "content_type": 8, "codename": "add_logentry"}}, {"model": "auth.permission", "pk": 30, "fields": {"name": "Can change log entry", "content_type": 8, "codename": "change_logentry"}}, {"model": "auth.permission", "pk": 31, "fields": {"name": "Can delete log entry", "content_type": 8, "codename": "delete_logentry"}}, {"model": "auth.permission", "pk": 32, "fields": {"name": "Can view log entry", "content_type": 8, "codename": "view_logentry"}}, {"model": "auth.permission", "pk": 33, "fields": {"name": "Can add session", "content_type": 9, "codename": "add_session"}}, {"model": "auth.permission", "pk": 34, "fields": {"name": "Can change session", "content_type": 9, "codename": "change_session"}}, {"model": "auth.permission", "pk": 35, "fields": {"name": "Can delete session", "content_type": 9, "codename": "delete_session"}}, {"model": "auth.permission", "pk": 36, "fields": {"name": "Can view session", "content_type": 9, "codename": "view_session"}}, {"model": "auth.permission", "pk": 37, "fields": {"name": "Can add association", "content_type": 10, "codename": "add_association"}}, {"model": "auth.permission", "pk": 38, "fields": {"name": "Can change association", "content_type": 10, "codename": "change_association"}}, {"model": "auth.permission", "pk": 39, "fields": {"name": "Can delete association", "content_type": 10, "codename": "delete_association"}}, {"model": "auth.permission", "pk": 40, "fields": {"name": "Can view association", "content_type": 10, "codename": "view_association"}}, {"model": "auth.permission", "pk": 41, "fields": {"name": "Can add code", "content_type": 11, "codename": "add_code"}}, {"model": "auth.permission", "pk": 42, "fields": {"name": "Can change code", "content_type": 11, "codename": "change_code"}}, {"model": "auth.permission", "pk": 43, "fields": {"name": "Can delete code", "content_type": 11, "codename": "delete_code"}}, {"model": "auth.permission", "pk": 44, "fields": {"name": "Can view code", "content_type": 11, "codename": "view_code"}}, {"model": "auth.permission", "pk": 45, "fields": {"name": "Can add nonce", "content_type": 12, "codename": "add_nonce"}}, {"model": "auth.permission", "pk": 46, "fields": {"name": "Can change nonce", "content_type": 12, "codename": "change_nonce"}}, {"model": "auth.permission", "pk": 47, "fields": {"name": "Can delete nonce", "content_type": 12, "codename": "delete_nonce"}}, {"model": "auth.permission", "pk": 48, "fields": {"name": "Can view nonce", "content_type": 12, "codename": "view_nonce"}}, {"model": "auth.permission", "pk": 49, "fields": {"name": "Can add user social auth", "content_type": 13, "codename": "add_usersocialauth"}}, {"model": "auth.permission", "pk": 50, "fields": {"name": "Can change user social auth", "content_type": 13, "codename": "change_usersocialauth"}}, {"model": "auth.permission", "pk": 51, "fields": {"name": "Can delete user social auth", "content_type": 13, "codename": "delete_usersocialauth"}}, {"model": "auth.permission", "pk": 52, "fields": {"name": "Can view user social auth", "content_type": 13, "codename": "view_usersocialauth"}}, {"model": "auth.permission", "pk": 53, "fields": {"name": "Can add partial", "content_type": 14, "codename": "add_partial"}}, {"model": "auth.permission", "pk": 54, "fields": {"name": "Can change partial", "content_type": 14, "codename": "change_partial"}}, {"model": "auth.permission", "pk": 55, "fields": {"name": "Can delete partial", "content_type": 14, "codename": "delete_partial"}}, {"model": "auth.permission", "pk": 56, "fields": {"name": "Can view partial", "content_type": 14, "codename": "view_partial"}}, {"model": "auth.permission", "pk": 57, "fields": {"name": "Can add shop user profile", "content_type": 15, "codename": "add_shopuserprofile"}}, {"model": "auth.permission", "pk": 58, "fields": {"name": "Can change shop user profile", "content_type": 15, "codename": "change_shopuserprofile"}}, {"model": "auth.permission", "pk": 59, "fields": {"name": "Can delete shop user profile", "content_type": 15, "codename": "delete_shopuserprofile"}}, {"model": "auth.permission", "pk": 60, "fields": {"name": "Can view shop user profile", "content_type": 15, "codename": "view_shopuserprofile"}}, {"model": "auth.permission", "pk": 61, "fields": {"name": "Can add order", "content_type": 16, "codename": "add_order"}}, {"model": "auth.permission", "pk": 62, "fields": {"name": "Can change order", "content_type": 16, "codename": "change_order"}}, {"model": "auth.permission", "pk": 63, "fields": {"name": "Can delete order", "content_type": 16, "codename": "delete_order"}}, {"model": "auth.permission", "pk": 64, "fields": {"name": "Can view order", "content_type": 16, "codename": "view_order"}}, {"model": "auth.permission", "pk": 65, "fields": {"name": "Can add order item", "content_type": 17, "codename": "add_orderitem"}}, {"model": "auth.permission", "pk": 66, "fields": {"name": "Can change order item", "content_type": 17, "codename": "change_orderitem"}}, {"model": "auth.permission", "pk": 67, "fields": {"name": "Can delete order item", "content_type": 17, "codename": "delete_orderitem"}}, {"model": "auth.permission", "pk": 68, "fields": {"name": "Can view order item", "content_type": 17, "codename": "view_orderitem"}}, {"model": "sessions.session", "pk": "hmnsnc428idqdjno69no1fjz3dvkb9t2", "fields": {"session_data": "e30:1n6qwB:1yvXqNTWR_UDgp6IIg_fdVNt1SKhgyPBhxZfxcfewsQ", "expire_date": "2022-01-24T09:25:59.060Z"}}, {"model": "sessions.session", "pk": "m4bjeetpv6nn03fj7gqt50a9o16zfa9p", "fields": {"session_data": ".eJxVjDkOwjAUBe_iGll24k2U9JzB-ptxADlSnFSIu0OkFNC-mXkvlWFba966LHlidVZRnX43BHpI2wHfod1mTXNblwn1ruiDdn2dWZ6Xw_07qNDrtxZOHgsHB2SjWMsSnYABsWEEToM1Hnig4qHEAI5GDCaVgBGTCRZJvT8Trjjg:1n8bJx:ehSzeDA3kNJjI3mvG0o4fRirK07LA-9scwdUyWeZyLc", "expire_date": "2022-01-29T05:09:45.093Z"}}, {"model": "sessions.session", "pk": "murri4ldzfko9r32cg5j1ha1ygx2e8vn", "fields": {"session_data": ".eJxVj8tuwjAQRf_FaxriJw07pKqbFoGqCnVnjcdDEyVNUGwCacW_41SoKttzde6d-WEtnSNbsjmbsaF-6OAYS2FDhEiJjq07rf3z8MXXuv9ewei2729P0mw_5HjYvfZJspNhj4F6W_mkyHvmAGtqpyB0WEFjsespu9GQDXW2e9msptF7r4RQJklpXyjkCnMDUnuBjgNXkgOiN7xYuBzFY7FfSCKNREbsCXLuhVCgCzSUSm-7v9UNhGib7rNq_x329za7XAHjcFnx:1n4IK8:RkuYqpflxrtjk6wJgcyF9FJCwbPpuzljThCadQ4a8_Y", "expire_date": "2022-01-17T08:04:08.272Z"}}, {"model": "sessions.session", "pk": "pjgrwxfau1lpxjg359br0tq7ogde1kyb", "fields": {"session_data": "e30:1n6r6h:TJRCwLJGULCDGtrbDbRywMEQIS8I_-oyQyiAbAMyyXY", "expire_date": "2022-01-24T09:36:51.821Z"}}, {"model": "social_django.usersocialauth", "pk": 1, "fields": {"user": 3, "provider": "vk-oauth2", "uid": "4645331", "extra_data": "{\"auth_time\": 1641197048, \"id\": 4645331, \"expires\": 86400, \"access_token\": \"201003e2f242f764b91e1872bfedca787755cb3eac952a52c78cc195de609be1ac560fade825708d739b3\", \"token_type\": null}", "created": "2021-12-31T07:51:22.718Z", "modified": "2022-01-03T08:04:08.244Z"}}, {"model": "authapp.shopuser", "pk": 1, "fields": {"password": "pbkdf2_sha256$260000$42tovkCXj9tSBz01AFQPPh$Bj8tGgAOR3sDKMQ9doUt+BEQrtW0+fparMiB89FndNE=", "last_login": null, "is_superuser": false, "username": "Gerald", "first_name": "ilia", "last_name": "", "email": "Gerald16311@gmail.com", "is_staff": false, "is_active": false, "date_joined": "2021-12-29T06:25:01.216Z", "avatar": "", "age": 18, "activation_key": "29b7ab431011028b83929c61c06c9590cde47ae6", "activation_key_expired": "2021-12-29T07:25:01.356Z", "groups": [], "user_permissions": []}}, {"model": "authapp.shopuser", "pk": 2, "fields": {"password": "pbkdf2_sha256$260000$euBZVCSu8pvU6BmAs95g2s$BGu0BiuDrX1D3g66L/JuH3q7vG8B4G0t36p32ZuS34o=", "last_login": "2022-01-10T09:33:20.605Z", "is_superuser": true, "username": "django", "first_name": "", "last_name": "", "email": "admin@gb.local", "is_staff": true, "is_active": true, "date_joined": "2021-12-29T06:27:13.610Z", "avatar": "", "age": 18, "activation_key": null, "activation_key_expired": null, "groups": [], "user_permissions": []}}, {"model": "authapp.shopuser", "pk": 3, "fields": {"password": "!g2pgou2FRXpVANQ63IsFAgmrC4RZJriEy1XHakGM", "last_login": "2022-01-03T08:04:08.261Z", "is_superuser": false, "username": "gerald1611", "first_name": "Илья", "last_name": "Марчуков", "email": "", "is_staff": false, "is_active": true, "date_joined": "2021-12-31T07:51:22.711Z", "avatar": "users/3.jpg", "age": 33, "activation_key": null, "activation_key_expired": null, "groups": [], "user_permissions": []}}, {"model": "authapp.shopuser", "pk": 4, "fields": {"password": "pbkdf2_sha256$260000$PPQBMjyehHVTE0SKhuPmQS$3a4GkkS5Z7QOC4ZLKs6YwMzJYsFVK0DVqfXW+fm/iaY=", "last_login": null, "is_superuser": false, "username": "geekshop_2_2_2", "first_name": "geekshop_2_2_2", "last_name": "", "email": "geekshop_2_2_2@gb.local", "is_staff": false, "is_active": false, "date_joined": "2022-01-10T09:09:27.065Z", "avatar": "", "age": 49, "activation_key": "ee4ce997611080ee2ba7cf72ee6f821cfa89e5da", "activation_key_expired": "2022-01-10T09:09:27.240Z", "groups": [], "user_permissions": []}}, {"model": "authapp.shopuser", "pk": 5, "fields": {"password": "pbkdf2_sha256$260000$WtC5dVHLeWSTUHelLPYffG$4oyyZT8m6KTtLg37PLNMrALAAzgkWkxYUx4Aj/+MYmU=", "last_login": null, "is_superuser": false, "username": "django_2_2_2", "first_name": "django_2_2_2", "last_name": "", "email": "django_2_2_2@gb.local", "is_staff": false, "is_active": false, "date_joined": "2022-01-10T09:13:43.119Z", "avatar": "", "age": 49, "activation_key": "9d9b732edcea3d861554013320016a79ef89f3e6", "activation_key_expired": "2022-01-10T09:13:43.296Z", "groups": [], "user_permissions": []}}, {"model": "authapp.shopuser", "pk": 6, "fields": {"password": "pbkdf2_sha256$260000$3AVeacr62PiS9OMvh6DggR$m5k2ILeEd+pLJRsZfokmxVXURsmcI0cuSEimoHt63lY=", "last_login": "2022-01-10T09:31:36.267Z", "is_superuser": false, "username": "geekshop_2_2_3", "first_name": "geekshop_2_2_3", "last_name": "", "email": "geekshop_2_2_3@gb.local", "is_staff": false, "is_active": true, "date_joined": "2022-01-10T09:19:00.636Z", "avatar": "", "age": 49, "activation_key": null, "activation_key_expired": null, "groups": [], "user_permissions": []}}, {"model": "authapp.shopuser", "pk": 7, "fields": {"password": "pbkdf2_sha256$260000$GXMSkSFJDYXZmDjD2NvdhO$P8IRVHVe4+3rN33mw86Nbnt832PFmTEtSRFigevB8cU=", "last_login": "2022-01-15T05:09:45.074Z", "is_superuser": false, "username": "geekshop_2_2", "first_name": "geekshop_2_2", "last_name": "", "email": "geekshop_2_2@gb.local", "is_staff": false, "is_active": true, "date_joined": "2022-01-10T09:36:15.113Z", "avatar": "", "age": 49, "activation_key": null, "activation_key_expired": null, "groups": [], "user_permissions": []}}, {"model": "authapp.shopuserprofile", "pk": 1, "fields": {"user": 1, "tagline": null, "about_me": null, "gender": "U"}}, {"model": "authapp.shopuserprofile", "pk": 2, "fields": {"user": 2, "tagline": null, "about_me": null, "gender": "U"}}, {"model": "authapp.shopuserprofile", "pk": 3, "fields": {"user": 3, "tagline": "123", "about_me": "", "gender": "M"}}, {"model": "authapp.shopuserprofile", "pk": 4, "fields": {"user": 4, "tagline": null, "about_me": null, "gender": "U"}}, {"model": "authapp.shopuserprofile", "pk": 5, "fields": {"user": 5, "tagline": null, "about_me": null, "gender": "U"}}, {"model": "authapp.shopuserprofile", "pk": 6, "fields": {"user": 6, "tagline": null, "about_me": null, "gender": "U"}}, {"model": "authapp.shopuserprofile", "pk": 7, "fields": {"user": 7, "tagline": null, "about_me": null, "gender": "U"}}, {"model": "basketapp.basket", "pk": 1, "fields": {"user": 2, "product": 9, "quantity": 1, "created_at": "2021-12-29T06:30:07.557Z"}}, {"model": "basketapp.basket", "pk": 2, "fields": {"user": 2, "product": 4, "quantity": 1, "created_at": "2021-12-29T06:30:09.219Z"}}, {"model": "basketapp.basket", "pk": 3, "fields": {"user": 2, "product": 10, "quantity": 1, "created_at": "2021-12-29T06:30:10.024Z"}}, {"model": "basketapp.basket", "pk": 4, "fields": {"user": 2, "product": 5, "quantity": 1, "created_at": "2021-12-29T06:30:10.438Z"}}, {"model": "basketapp.basket", "pk": 5, "fields": {"user": 2, "product": 1, "quantity": 1, "created_at": "2021-12-29T06:30:10.605Z"}}, {"model": "basketapp.basket", "pk": 6, "fields": {"user": 3, "product": 5, "quantity": 1, "created_at": "2022-01-04T10:13:10.036Z"}}, {"model": "basketapp.basket", "pk": 7, "fields": {"user": 3, "product": 6, "quantity": 1, "created_at": "2022-01-04T10:13:10.739Z"}}, {"model": "basketapp.basket", "pk": 8, "fields": {"user": 3, "product": 1, "quantity": 1, "created_at": "2022-01-04T10:13:11.317Z"}}, {"model": "basketapp.basket", "pk": 9, "fields": {"user": 3, "product": 4, "quantity": 1, "created_at": "2022-01-04T10:13:11.764Z"}}, {"model": "basketapp.basket", "pk": 10, "fields": {"user": 3, "product": 3, "quantity": 1, "created_at": "2022-01-04T10:13:12.088Z"}}, {"model": "mainapp.productcategory", "pk": 1, "fields": {"name": "дом", "description": "отличная мебель для домашнего интерьера.", "is_active": true}}, {"model": "mainapp.productcategory", "pk": 2, "fields": {"name": "офис", "description": "стильная и надежная офисная мебель нового поколения.", "is_active": true}}, {"model": "mainapp.productcategory", "pk": 3, "fields": {"name": "модерн", "description": "мебель в стиле МОДЕРН подойдет для любого интерьера.", "is_active": true}}, {"model": "mainapp.productcategory", "pk": 4, "fields": {"name": "классика", "description": "классический стиль актуален в любые времена.", "is_active": true}}, {"model": "mainapp.product", "pk": 1, "fields": {"category": 1, "name": "комфорт 1", "image": "products_images/product-1.jpg", "short_desc": "комфортный стул", "description": "подойдет для просмотра фильмов", "price": "2989.50", "quantity": 17, "is_active": true}}, {"model": "mainapp.product", "pk": 2, "fields": {"category": 1, "name": "комфорт 2", "image": "products_images/product-2.jpg", "short_desc": "очень комфортный стул", "description": "подойдет для общения с друзьями", "price": "3687.20", "quantity": 21, "is_active": true}}, {"model": "mainapp.product", "pk": 3, "fields": {"category": 1, "name": "люкс", "image": "products_images/product-3.jpg", "short_desc": "использованы премиальные материалы", "description": "для тех, кто стремится к лучшему", "price": "8157.99", "quantity": 7, "is_active": true}}, {"model": "mainapp.product", "pk": 4, "fields": {"category": 2, "name": "стандарт", "image": "products_images/product-4.jpg", "short_desc": "универсальное решение", "description": "подойдет для любого офиса", "price": "1895.25", "quantity": 27, "is_active": true}}, {"model": "mainapp.product", "pk": 5, "fields": {"category": 2, "name": "премиум", "image": "products_images/product-61.jpg", "short_desc": "улучшенный дизайн", "description": "идеально впишется в строгий интерьер офиса", "price": "3587.41", "quantity": 9, "is_active": true}}, {"model": "mainapp.product", "pk": 6, "fields": {"category": 3, "name": "новинка", "image": "products_images/product-11.jpg", "short_desc": "инновационный дизайн", "description": "нестандартное решение для современного интерьера", "price": "5361.47", "quantity": 18, "is_active": true}}, {"model": "mainapp.product", "pk": 7, "fields": {"category": 3, "name": "прогресс", "image": "products_images/product-21.jpg", "short_desc": "прогрессивный дизайн", "description": "функциональное и комфортное решение", "price": "6789.33", "quantity": 12, "is_active": true}}, {"model": "mainapp.product", "pk": 8, "fields": {"category": 4, "name": "венеция", "image": "products_images/product-31.jpg", "short_desc": "классические формы", "description": "окунитесь в европейский комфорт", "price": "4147.51", "quantity": 25, "is_active": true}}, {"model": "mainapp.product", "pk": 9, "fields": {"category": 4, "name": "тоскана", "image": "products_images/product-41.jpg", "short_desc": "эргономичная спинка", "description": "почувствуйте комфорт и насладитесь цветовой гаммой", "price": "7147.35", "quantity": 18, "is_active": true}}, {"model": "mainapp.product", "pk": 10, "fields": {"category": 4, "name": "рим", "image": "products_images/product-51.jpg", "short_desc": "удачные пропорции", "description": "компактность и функциональность", "price": "8357.77", "quantity": 8, "is_active": true}}, {"model": "ordersapp.order", "pk": 1, "fields": {"user": 3, "status": "FM", "is_active": false, "created_at": "2022-01-04T09:16:12.238Z", "updated_at": "2022-01-04T10:04:40.622Z"}}, {"model": "ordersapp.order", "pk": 2, "fields": {"user": 3, "status": "FM", "is_active": false, "created_at": "2022-01-04T09:17:03.038Z", "updated_at": "2022-01-04T10:04:43.457Z"}}, {"model": "ordersapp.order", "pk": 3, "fields": {"user": 3, "status": "FM", "is_active": false, "created_at": "2022-01-04T09:17:27.088Z", "updated_at": "2022-01-04T10:04:45.646Z"}}, {"model": "ordersapp.order", "pk": 4, "fields": {"user": 3, "status": "FM", "is_active": false, "created_at": "2022-01-04T09:19:38.812Z", "updated_at": "2022-01-04T10:04:47.571Z"}}, {"model": "ordersapp.order", "pk": 5, "fields": {"user": 3, "status": "FM", "is_active": false, "created_at": "2022-01-04T09:19:41.384Z", "updated_at": "2022-01-04T10:04:49.245Z"}}, {"model": "ordersapp.order", "pk": 6, "fields": {"user": 3, "status": "FM", "is_active": false, "created_at": "2022-01-04T09:19:43.785Z", "updated_at": "2022-01-04T10:16:31.965Z"}}, {"model": "ordersapp.order", "pk": 7, "fields": {"user": 3, "status": "FM", "is_active": false, "created_at": "2022-01-04T09:19:46.308Z", "updated_at": "2022-01-04T10:05:00.376Z"}}, {"model": "ordersapp.order", "pk": 8, "fields": {"user": 3, "status": "FM", "is_active": false, "created_at": "2022-01-04T09:19:48.805Z", "updated_at": "2022-01-04T10:04:50.936Z"}}, {"model": "ordersapp.order", "pk": 9, "fields": {"user": 3, "status": "FM", "is_active": false, "created_at": "2022-01-04T09:20:20.522Z", "updated_at": "2022-01-04T10:04:58.334Z"}}, {"model": "ordersapp.order", "pk": 10, "fields": {"user": 3, "status": "FM", "is_active": false, "created_at": "2022-01-04T09:25:51.274Z", "updated_at": "2022-01-04T10:04:52.737Z"}}, {"model": "ordersapp.order", "pk": 11, "fields": {"user": 3, "status": "FM", "is_active": false, "created_at": "2022-01-04T09:27:15.841Z", "updated_at": "2022-01-04T10:04:56.268Z"}}, {"model": "ordersapp.order", "pk": 12, "fields": {"user": 3, "status": "FM", "is_active": false, "created_at": "2022-01-04T09:31:54.354Z", "updated_at": "2022-01-04T10:04:54.562Z"}}, {"model": "ordersapp.order", "pk": 13, "fields": {"user": 3, "status": "STP", "is_active": true, "created_at": "2022-01-04T10:16:29.014Z", "updated_at": "2022-01-15T07:40:38.106Z"}}, {"model": "ordersapp.orderitem", "pk": 1, "fields": {"order": 1, "product": 1, "quantity": 1}}, {"model": "ordersapp.orderitem", "pk": 2, "fields": {"order": 2, "product": 1, "quantity": 1}}, {"model": "ordersapp.orderitem", "pk": 3, "fields": {"order": 3, "product": 2, "quantity": 1}}, {"model": "ordersapp.orderitem", "pk": 4, "fields": {"order": 4, "product": 3, "quantity": 1}}, {"model": "ordersapp.orderitem", "pk": 5, "fields": {"order": 5, "product": 4, "quantity": 1}}, {"model": "ordersapp.orderitem", "pk": 6, "fields": {"order": 6, "product": 5, "quantity": 1}}, {"model": "ordersapp.orderitem", "pk": 7, "fields": {"order": 7, "product": 6, "quantity": 1}}, {"model": "ordersapp.orderitem", "pk": 8, "fields": {"order": 8, "product": 7, "quantity": 1}}, {"model": "ordersapp.orderitem", "pk": 9, "fields": {"order": 9, "product": 7, "quantity": 1}}, {"model": "ordersapp.orderitem", "pk": 10, "fields": {"order": 10, "product": 7, "quantity": 1}}, {"model": "ordersapp.orderitem", "pk": 11, "fields": {"order": 11, "product": 7, "quantity": 1}}, {"model": "ordersapp.orderitem", "pk": 12, "fields": {"order": 12, "product": 1, "quantity": 1}}, {"model": "ordersapp.orderitem", "pk": 13, "fields": {"order": 13, "product": 5, "quantity": 1}}, {"model": "ordersapp.orderitem", "pk": 14, "fields": {"order": 13, "product": 6, "quantity": 1}}, {"model": "ordersapp.orderitem", "pk": 15, "fields": {"order": 13, "product": 1, "quantity": 1}}, {"model": "ordersapp.orderitem", "pk": 16, "fields": {"order": 13, "product": 4, "quantity": 1}}, {"model": "ordersapp.orderitem", "pk": 17, "fields": {"order": 13, "product": 3, "quantity": 1}}]